霸王别姬,9.5,中国大陆,剧情,https://movie.douban.com/subject/1291546/,https://img3.doubanio.com/view/photo/s_ratio_poster/public/p1910813120.jpg
刘二上访记,,中国大陆,剧情,https://movie.douban.com/subject/21715471/,https://img3.doubanio.com/view/subject/l/public/s25805382.jpg
背靠背，脸对脸,9.3,中国大陆,剧情,https://movie.douban.com/subject/1307856/,https://img1.doubanio.com/view/photo/s_ratio_poster/public/p2512625908.jpg
茶馆,9.3,中国大陆,剧情,https://movie.douban.com/subject/1461403/,https://img3.doubanio.com/view/photo/s_ratio_poster/public/p2262122096.jpg
荒山泪,9.2,中国大陆,剧情,https://movie.douban.com/subject/3724033/,https://img3.doubanio.com/view/photo/s_ratio_poster/public/p1945500364.jpg
末了，未了,9.3,中国大陆,剧情,https://movie.douban.com/subject/20452352/,https://img3.doubanio.com/view/photo/s_ratio_poster/public/p1814487251.jpg
鬼子来了,9.2,中国大陆,剧情,https://movie.douban.com/subject/1291858/,https://img3.doubanio.com/view/photo/s_ratio_poster/public/p1181775734.jpg
狐妖小红娘剧场版：王权富贵,9.2,中国大陆,剧情,https://movie.douban.com/subject/26946612/,https://img3.doubanio.com/view/photo/s_ratio_poster/public/p2409467410.jpg
哀乐中年,9.2,中国大陆,剧情,https://movie.douban.com/subject/4719384/,https://img3.doubanio.com/view/photo/s_ratio_poster/public/p2029574250.jpg
天安门,9.3,中国大陆,剧情,https://movie.douban.com/subject/26986807/,https://img3.doubanio.com/view/photo/s_ratio_poster/public/p2437357211.jpg
活着,9.1,中国大陆,剧情,https://movie.douban.com/subject/1292365/,https://img3.doubanio.com/view/photo/s_ratio_poster/public/p2513253791.jpg
天堂回信,9.1,中国大陆,剧情,https://movie.douban.com/subject/1418076/,https://img3.doubanio.com/view/photo/s_ratio_poster/public/p1090024531.jpg
剃头匠,9.1,中国大陆,剧情,https://movie.douban.com/subject/3097352/,https://img3.doubanio.com/view/photo/s_ratio_poster/public/p2186918733.jpg
车轮不息,9.1,中国大陆,剧情,https://movie.douban.com/subject/19955871/,https://img3.doubanio.com/view/photo/s_ratio_poster/public/p1820625966.jpg
红楼梦,9.1,中国大陆,剧情,https://movie.douban.com/subject/1329969/,https://img3.doubanio.com/view/photo/s_ratio_poster/public/p2322451692.jpg
难夫难妻,9.1,中国大陆,剧情,https://movie.douban.com/subject/2057398/,https://img1.doubanio.com/view/photo/s_ratio_poster/public/p1696510747.jpg
金花路5号,9.0,中国大陆,剧情,https://movie.douban.com/subject/2282452/,https://img3.doubanio.com/view/photo/s_ratio_poster/public/p1961367162.jpg
情探,8.9,中国大陆,剧情,https://movie.douban.com/subject/4739983/,https://img3.doubanio.com/view/photo/s_ratio_poster/public/p2397714766.jpg
芙蓉镇,9.0,中国大陆,剧情,https://movie.douban.com/subject/1297880/,https://img3.doubanio.com/view/photo/s_ratio_poster/public/p2184544013.jpg
白方礼,8.9,中国大陆,剧情,https://movie.douban.com/subject/4022125/,https://img1.doubanio.com/view/subject/l/public/s4659127.jpg
如此爹娘,9.0,中国大陆,剧情,https://movie.douban.com/subject/3032535/,https://img3.doubanio.com/view/photo/s_ratio_poster/public/p2323730451.jpg
肖申克的救赎,9.6,美国,剧情,https://movie.douban.com/subject/1292052/,https://img3.doubanio.com/view/photo/s_ratio_poster/public/p480747492.jpg
控方证人,9.6,美国,剧情,https://movie.douban.com/subject/1296141/,https://img1.doubanio.com/view/photo/s_ratio_poster/public/p1505392928.jpg
迈克尔・杰克逊：音乐历史专辑全集,9.6,美国,剧情,https://movie.douban.com/subject/2122919/,https://img3.doubanio.com/view/subject/l/public/s2541232.jpg
阿甘正传,9.4,美国,剧情,https://movie.douban.com/subject/1292720/,https://img1.doubanio.com/view/photo/s_ratio_poster/public/p510876377.jpg
辛德勒的名单,9.4,美国,剧情,https://movie.douban.com/subject/1295124/,https://img3.doubanio.com/view/photo/s_ratio_poster/public/p492406163.jpg
十二怒汉,9.4,美国,剧情,https://movie.douban.com/subject/1293182/,https://img3.doubanio.com/view/photo/s_ratio_poster/public/p2173577632.jpg
十二怒汉,9.4,美国,剧情,https://movie.douban.com/subject/10583098/,https://img3.doubanio.com/view/photo/s_ratio_poster/public/p2153875961.jpg
控方证人,9.4,美国,剧情,https://movie.douban.com/subject/5294851/,https://img3.doubanio.com/view/photo/s_ratio_poster/public/p2367853261.jpg
拜访森林,9.4,美国,剧情,https://movie.douban.com/subject/25741291/,https://img3.doubanio.com/view/photo/s_ratio_poster/public/p2155898916.jpg
拉娜・德雷：西海岸,9.4,美国,剧情,https://movie.douban.com/subject/25940511/,https://img3.doubanio.com/view/photo/s_ratio_poster/public/p2193232040.jpg
聪明狗走天涯,9.4,美国,剧情,https://movie.douban.com/subject/1297777/,https://img1.doubanio.com/view/subject/l/public/s1788447.jpg
疑犯追踪 试播集,9.4,美国,剧情,https://movie.douban.com/subject/24700683/,https://img1.doubanio.com/view/photo/s_ratio_poster/public/p1974739828.jpg
博弈论,9.4,美国,剧情,https://movie.douban.com/subject/3272459/,https://img3.doubanio.com/view/photo/s_ratio_poster/public/p2254959230.jpg
泰坦尼克号,9.3,美国,剧情,https://movie.douban.com/subject/1292722/,https://img3.doubanio.com/view/photo/s_ratio_poster/public/p457760035.jpg
盗梦空间,9.3,美国,剧情,https://movie.douban.com/subject/3541415/,https://img3.doubanio.com/view/photo/s_ratio_poster/public/p513344864.jpg
查理布朗男孩,9.3,美国,剧情,https://movie.douban.com/subject/1295406/,https://img1.doubanio.com/view/photo/s_ratio_poster/public/p577559527.jpg
南方公园之梦想国度,9.3,美国,剧情,https://movie.douban.com/subject/5179539/,https://img3.doubanio.com/view/subject/l/public/s5293436.jpg
星际穿越,9.2,美国,剧情,https://movie.douban.com/subject/1889243/,https://img3.doubanio.com/view/photo/s_ratio_poster/public/p2206088801.jpg
忠犬八公的故事,9.2,美国,剧情,https://movie.douban.com/subject/3011091/,https://img3.doubanio.com/view/photo/s_ratio_poster/public/p524964016.jpg
教父,9.2,美国,剧情,https://movie.douban.com/subject/1291841/,https://img3.doubanio.com/view/photo/s_ratio_poster/public/p2190556185.jpg
乱世佳人,9.2,美国,剧情,https://movie.douban.com/subject/1300267/,https://img3.doubanio.com/view/photo/s_ratio_poster/public/p1963126880.jpg
摩登时代,9.2,美国,剧情,https://movie.douban.com/subject/1294371/,https://img3.doubanio.com/view/photo/s_ratio_poster/public/p2173707976.jpg
城市之光,9.2,美国,剧情,https://movie.douban.com/subject/1293908/,https://img3.doubanio.com/view/photo/s_ratio_poster/public/p2099815842.jpg
生活多美好,9.2,美国,剧情,https://movie.douban.com/subject/1293749/,https://img1.doubanio.com/view/photo/s_ratio_poster/public/p771490367.jpg
蓝与灰,9.2,美国,剧情,https://movie.douban.com/subject/1300008/,https://img3.doubanio.com/view/subject/l/public/s2609825.jpg
难舍难分,9.2,美国,剧情,https://movie.douban.com/subject/3840029/,https://img3.doubanio.com/view/photo/s_ratio_poster/public/p2206663461.jpg
楚门的世界,9.1,美国,剧情,https://movie.douban.com/subject/1292064/,https://img3.doubanio.com/view/photo/s_ratio_poster/public/p479682972.jpg
饮食男女,9.1,美国,剧情,https://movie.douban.com/subject/1291818/,https://img3.doubanio.com/view/photo/s_ratio_poster/public/p1910899751.jpg
指环王3：王者无敌,9.1,美国,剧情,https://movie.douban.com/subject/1291552/,https://img3.doubanio.com/view/photo/s_ratio_poster/public/p1910825503.jpg
教父2,9.1,美国,剧情,https://movie.douban.com/subject/1299131/,https://img1.doubanio.com/view/photo/s_ratio_poster/public/p2194138787.jpg
美国往事,9.1,美国,剧情,https://movie.douban.com/subject/1292262/,https://img1.doubanio.com/view/photo/s_ratio_poster/public/p477229647.jpg
寻子遇仙记,9.1,美国,剧情,https://movie.douban.com/subject/1293270/,https://img1.doubanio.com/view/photo/s_ratio_poster/public/p2332976198.jpg
丛林赤子心,9.1,美国,剧情,https://movie.douban.com/subject/1473562/,https://img3.doubanio.com/view/photo/s_ratio_poster/public/p2321248846.jpg
鳄鱼波鞋走天涯,9.1,美国,剧情,https://movie.douban.com/subject/1301811/,https://img3.doubanio.com/view/photo/s_ratio_poster/public/p2188484411.jpg
熊的故事,9.1,美国,剧情,https://movie.douban.com/subject/1300334/,https://img3.doubanio.com/view/photo/s_ratio_poster/public/p2454268056.jpg
车轮不息,9.1,美国,剧情,https://movie.douban.com/subject/19955871/,https://img3.doubanio.com/view/photo/s_ratio_poster/public/p1820625966.jpg
机器的复兴：第1部,9.1,美国,剧情,https://movie.douban.com/subject/2049553/,https://img3.doubanio.com/view/photo/s_ratio_poster/public/p2189949483.jpg
艾蒂与茜雅：漫长婚约,9.1,美国,剧情,https://movie.douban.com/subject/4152738/,https://img3.doubanio.com/view/photo/s_ratio_poster/public/p1509382174.jpg
淘金岁月,9.1,美国,剧情,https://movie.douban.com/subject/1928887/,https://img3.doubanio.com/view/photo/s_ratio_poster/public/p2518163022.jpg
人鼠之间,9.1,美国,剧情,https://movie.douban.com/subject/26431592/,https://img3.doubanio.com/view/photo/s_ratio_poster/public/p2252276881.jpg
小丘月圆,9.1,美国,剧情,https://movie.douban.com/subject/1302752/,https://img3.doubanio.com/view/photo/s_ratio_poster/public/p2334104591.jpg
黑色警报,9.1,美国,剧情,https://movie.douban.com/subject/24522843/,https://img3.doubanio.com/view/photo/s_ratio_poster/public/p2185149696.jpg
少年派的奇幻漂流,9.0,美国,剧情,https://movie.douban.com/subject/1929463/,https://img3.doubanio.com/view/photo/s_ratio_poster/public/p1784592701.jpg
蝙蝠侠：黑暗骑士,9.1,美国,剧情,https://movie.douban.com/subject/1851857/,https://img3.doubanio.com/view/photo/s_ratio_poster/public/p462657443.jpg
指环王2：双塔奇兵,9.0,美国,剧情,https://movie.douban.com/subject/1291572/,https://img3.doubanio.com/view/photo/s_ratio_poster/public/p909265336.jpg
飞越疯人院,9.0,美国,剧情,https://movie.douban.com/subject/1292224/,https://img1.doubanio.com/view/photo/s_ratio_poster/public/p792238287.jpg
完美的世界,9.0,美国,剧情,https://movie.douban.com/subject/1300992/,https://img3.doubanio.com/view/photo/s_ratio_poster/public/p792403691.jpg
无翼鸟,9.0,美国,剧情,https://movie.douban.com/subject/2338160/,https://img1.doubanio.com/view/photo/s_ratio_poster/public/p2508642718.jpg
将军号,9.0,美国,剧情,https://movie.douban.com/subject/1292778/,https://img3.doubanio.com/view/photo/s_ratio_poster/public/p2248676081.jpg
纽伦堡的审判,9.0,美国,剧情,https://movie.douban.com/subject/1292589/,https://img3.doubanio.com/view/photo/s_ratio_poster/public/p922207281.jpg
海蒂,9.0,美国,剧情,https://movie.douban.com/subject/1925081/,https://img3.doubanio.com/view/photo/s_ratio_poster/public/p2270779943.jpg
我自己的瑞凡,9.0,美国,剧情,https://movie.douban.com/subject/6861576/,https://img1.doubanio.com/view/photo/s_ratio_poster/public/p2294658138.jpg
街头友爱之情,9.0,美国,剧情,https://movie.douban.com/subject/2255927/,https://img3.doubanio.com/view/photo/s_ratio_poster/public/p2517733405.jpg
垃圾场中仙乐扬,8.9,美国,剧情,https://movie.douban.com/subject/20443027/,https://img3.doubanio.com/view/photo/s_ratio_poster/public/p2282366003.jpg
霸王别姬,9.5,香港,剧情,https://movie.douban.com/subject/1291546/,https://img3.doubanio.com/view/photo/s_ratio_poster/public/p1910813120.jpg
Small Matters 音乐录像故事,9.4,香港,剧情,https://movie.douban.com/subject/2295463/,https://img1.doubanio.com/view/subject/l/public/s2752638.jpg
背靠背，脸对脸,9.3,香港,剧情,https://movie.douban.com/subject/1307856/,https://img1.doubanio.com/view/photo/s_ratio_poster/public/p2512625908.jpg
帝女花,9.3,香港,剧情,https://movie.douban.com/subject/1918697/,https://img1.doubanio.com/view/photo/s_ratio_poster/public/p2324412917.jpg
活着,9.1,香港,剧情,https://movie.douban.com/subject/1292365/,https://img3.doubanio.com/view/photo/s_ratio_poster/public/p2513253791.jpg
南海十三郎,9.1,香港,剧情,https://movie.douban.com/subject/1303913/,https://img1.doubanio.com/view/photo/s_ratio_poster/public/p2328424489.jpg
幸福的旁边,9.1,香港,剧情,https://movie.douban.com/subject/26879897/,https://img3.doubanio.com/view/photo/s_ratio_poster/public/p2503447611.jpg
无间道,9.0,香港,剧情,https://movie.douban.com/subject/1307914/,https://img3.doubanio.com/view/photo/s_ratio_poster/public/p2233971046.jpg
上海滩,9.0,香港,剧情,https://movie.douban.com/subject/6311260/,https://img3.doubanio.com/view/photo/s_ratio_poster/public/p2344833803.jpg
时之繁花,9.2,台湾,剧情,https://movie.douban.com/subject/25774028/,https://img3.doubanio.com/view/photo/s_ratio_poster/public/p2216519411.jpg
饮食男女,9.1,台湾,剧情,https://movie.douban.com/subject/1291818/,https://img3.doubanio.com/view/photo/s_ratio_poster/public/p1910899751.jpg
少年派的奇幻漂流,9.0,台湾,剧情,https://movie.douban.com/subject/1929463/,https://img3.doubanio.com/view/photo/s_ratio_poster/public/p1784592701.jpg
长假,9.0,台湾,剧情,https://movie.douban.com/subject/3098844/,https://img3.doubanio.com/view/photo/s_ratio_poster/public/p2153135246.jpg
银魂：无论什么事开始虽然重要但伸个懒腰的话也不错,9.5,日本,剧情,https://movie.douban.com/subject/4116936/,https://img3.doubanio.com/view/photo/s_ratio_poster/public/p2221047675.jpg
北国之恋：1989归乡,9.5,日本,剧情,https://movie.douban.com/subject/3794149/,https://img3.doubanio.com/view/photo/s_ratio_poster/public/p2143869665.jpg
银魂：白夜叉降诞预告,9.5,日本,剧情,https://movie.douban.com/subject/4236817/,https://img1.doubanio.com/view/photo/s_ratio_poster/public/p2214620528.jpg
北国之恋：2002遗言,9.5,日本,剧情,https://movie.douban.com/subject/2025137/,https://img1.doubanio.com/view/photo/s_ratio_poster/public/p2508558327.jpg
北国之恋：1987初恋,9.5,日本,剧情,https://movie.douban.com/subject/3794147/,https://img3.doubanio.com/view/photo/s_ratio_poster/public/p2472830331.jpg
北国之恋：1984夏天,9.5,日本,剧情,https://movie.douban.com/subject/3794146/,https://img3.doubanio.com/view/photo/s_ratio_poster/public/p2472828763.jpg
北国之恋：1995秘密,9.4,日本,剧情,https://movie.douban.com/subject/2025130/,https://img3.doubanio.com/view/photo/s_ratio_poster/public/p2508557411.jpg
北国之恋：1998时代,9.5,日本,剧情,https://movie.douban.com/subject/2025138/,https://img3.doubanio.com/view/photo/s_ratio_poster/public/p2323647341.jpg
转世熏风,9.5,日本,剧情,https://movie.douban.com/subject/25745644/,https://img3.doubanio.com/view/photo/s_ratio_poster/public/p2317900073.jpg
新世纪福音战士剧场版：Air/真心为你,9.4,日本,剧情,https://movie.douban.com/subject/1308892/,https://img3.doubanio.com/view/photo/s_ratio_poster/public/p453716993.jpg
夏目友人帐 第六季 特别篇 铃响的残株,9.4,日本,剧情,https://movie.douban.com/subject/27121232/,https://img3.doubanio.com/view/photo/s_ratio_poster/public/p2497232204.jpg
北国之恋：1992自立,9.4,日本,剧情,https://movie.douban.com/subject/2025124/,https://img3.doubanio.com/view/photo/s_ratio_poster/public/p2508557701.jpg
千与千寻,9.3,日本,剧情,https://movie.douban.com/subject/1291561/,https://img3.doubanio.com/view/photo/s_ratio_poster/public/p1606727862.jpg
回忆积木小屋,9.3,日本,剧情,https://movie.douban.com/subject/3560787/,https://img3.doubanio.com/view/photo/s_ratio_poster/public/p2205961264.jpg
银魂完结篇：直到永远的万事屋,9.3,日本,剧情,https://movie.douban.com/subject/11615927/,https://img3.doubanio.com/view/photo/s_ratio_poster/public/p2258024316.jpg
夏目友人帐 五 特别篇：一夜酒杯,9.3,日本,剧情,https://movie.douban.com/subject/27011740/,https://img3.doubanio.com/view/photo/s_ratio_poster/public/p2454093081.jpg
新世纪福音战士剧场版：复兴,9.2,日本,剧情,https://movie.douban.com/subject/20458867/,https://img3.doubanio.com/view/photo/s_ratio_poster/public/p2227584460.jpg
北国之恋：1983冬天,9.3,日本,剧情,https://movie.douban.com/subject/3794145/,https://img1.doubanio.com/view/photo/s_ratio_poster/public/p2472822148.jpg
俺たちに明日はある,9.3,日本,剧情,https://movie.douban.com/subject/25934120/,https://img3.doubanio.com/view/photo/s_ratio_poster/public/p2195248973.jpg
污秽森林,,日本,剧情,https://movie.douban.com/subject/27037041/,https://img3.doubanio.com/f/movie/30c6263b6db26d055cbbe73fe653e29014142ea3/pics/movie/movie_default_large.png
铃兰：少女萌的故事,9.3,日本,剧情,https://movie.douban.com/subject/2065097/,https://img3.doubanio.com/view/photo/s_ratio_poster/public/p2195973053.jpg
七武士,9.2,日本,剧情,https://movie.douban.com/subject/1295399/,https://img3.doubanio.com/view/photo/s_ratio_poster/public/p647099823.jpg
东京物语,9.2,日本,剧情,https://movie.douban.com/subject/1291568/,https://img3.doubanio.com/view/photo/s_ratio_poster/public/p1910832390.jpg
福音战士新剧场版：破,9.2,日本,剧情,https://movie.douban.com/subject/2567646/,https://img3.doubanio.com/view/photo/s_ratio_poster/public/p1026522114.jpg
新世纪福音战士剧场版：死与新生,9.2,日本,剧情,https://movie.douban.com/subject/1455442/,https://img3.doubanio.com/view/photo/s_ratio_poster/public/p454134242.jpg
切腹,9.2,日本,剧情,https://movie.douban.com/subject/1304920/,https://img3.doubanio.com/view/photo/s_ratio_poster/public/p2151748293.jpg
夏目友人帐：曾几何时下雪之日,9.2,日本,剧情,https://movie.douban.com/subject/25736048/,https://img3.doubanio.com/view/photo/s_ratio_poster/public/p2151897085.jpg
夏目友人帐 第六季 特别篇 梦幻的碎片,9.2,日本,剧情,https://movie.douban.com/subject/27167055/,https://img3.doubanio.com/view/photo/s_ratio_poster/public/p2501694602.jpg
虫师 铃之滴,9.2,日本,剧情,https://movie.douban.com/subject/26287114/,https://img3.doubanio.com/view/photo/s_ratio_poster/public/p2237552672.jpg
剧场版 吹响吧！上低音号2～想要传达的旋律～,9.3,日本,剧情,https://movie.douban.com/subject/26994755/,https://img3.doubanio.com/view/photo/s_ratio_poster/public/p2499628260.jpg
虎与龙SP,9.2,日本,剧情,https://movie.douban.com/subject/3118848/,https://img3.doubanio.com/view/photo/s_ratio_poster/public/p809505182.jpg
奥丁领域,9.2,日本,剧情,https://movie.douban.com/subject/5450837/,https://img3.doubanio.com/view/photo/s_ratio_poster/public/p784512610.jpg
宇宙兄弟#0,9.3,日本,剧情,https://movie.douban.com/subject/25792658/,https://img3.doubanio.com/view/photo/s_ratio_poster/public/p2192962095.jpg
栗色小天使,9.2,日本,剧情,https://movie.douban.com/subject/2376466/,https://img3.doubanio.com/view/photo/s_ratio_poster/public/p1510442260.jpg
牧野村千年物语,9.2,日本,剧情,https://movie.douban.com/subject/2268963/,https://img1.doubanio.com/view/photo/s_ratio_poster/public/p1447177777.jpg
卡里古拉,9.2,日本,剧情,https://movie.douban.com/subject/26843144/,https://img3.doubanio.com/view/photo/s_ratio_poster/public/p2369252025.jpg
福音战士新剧场版：序,9.1,日本,剧情,https://movie.douban.com/subject/1968790/,https://img3.doubanio.com/view/photo/s_ratio_poster/public/p453715063.jpg
最完美的离婚 2014特别篇,9.1,日本,剧情,https://movie.douban.com/subject/25790749/,https://img1.doubanio.com/view/photo/s_ratio_poster/public/p2186872257.jpg
空之境界 未来福音,9.1,日本,剧情,https://movie.douban.com/subject/11499092/,https://img1.doubanio.com/view/photo/s_ratio_poster/public/p2037135869.jpg
情迷意乱,9.1,日本,剧情,https://movie.douban.com/subject/1422091/,https://img3.doubanio.com/view/photo/s_ratio_poster/public/p1449763371.jpg
倒数第二次恋爱 2012秋SP,9.1,日本,剧情,https://movie.douban.com/subject/19955789/,https://img3.doubanio.com/view/photo/s_ratio_poster/public/p1998695160.jpg
女人步上楼梯时,9.1,日本,剧情,https://movie.douban.com/subject/1419479/,https://img1.doubanio.com/view/photo/s_ratio_poster/public/p1805354637.jpg
机动战士高达 THE ORIGIN III 破晓的起义,9.1,日本,剧情,https://movie.douban.com/subject/26359261/,https://img3.doubanio.com/view/photo/s_ratio_poster/public/p2325456546.jpg
虫师 续章 荆棘之路,9.1,日本,剧情,https://movie.douban.com/subject/25915882/,https://img3.doubanio.com/view/photo/s_ratio_poster/public/p2189258450.jpg
天元突破剧场版：螺岩篇,9.1,日本,剧情,https://movie.douban.com/subject/3727748/,https://img3.doubanio.com/view/photo/s_ratio_poster/public/p937216094.jpg
人间的条件(第五、六部),9.1,日本,剧情,https://movie.douban.com/subject/1441039/,https://img3.doubanio.com/view/photo/s_ratio_poster/public/p2327866185.jpg
蛮幽鬼,9.1,日本,剧情,https://movie.douban.com/subject/26425434/,https://img3.doubanio.com/view/photo/s_ratio_poster/public/p2385322366.jpg
身毒丸,9.1,日本,剧情,https://movie.douban.com/subject/20326528/,https://img3.doubanio.com/view/photo/s_ratio_poster/public/p2519799906.jpg
8UPPERS FEATURE MUSIC FILM,9.1,日本,剧情,https://movie.douban.com/subject/6839118/,https://img1.doubanio.com/view/photo/s_ratio_poster/public/p1210671627.jpg
无人知晓,9.0,日本,剧情,https://movie.douban.com/subject/1292337/,https://img3.doubanio.com/view/photo/s_ratio_poster/public/p1063451381.jpg
忠犬八公物语,9.0,日本,剧情,https://movie.douban.com/subject/1959195/,https://img3.doubanio.com/view/photo/s_ratio_poster/public/p2297934945.jpg
攻壳机动队2：无罪,9.0,日本,剧情,https://movie.douban.com/subject/1291566/,https://img1.doubanio.com/view/photo/s_ratio_poster/public/p453466108.jpg
红鱼,9.0,日本,剧情,https://movie.douban.com/subject/26266892/,https://img3.doubanio.com/view/photo/s_ratio_poster/public/p2315734512.jpg
生之欲,9.0,日本,剧情,https://movie.douban.com/subject/1293847/,https://img3.doubanio.com/view/photo/s_ratio_poster/public/p2327887726.jpg
空之境界 第七章 杀人考察（后）,9.0,日本,剧情,https://movie.douban.com/subject/3399553/,https://img3.doubanio.com/view/photo/s_ratio_poster/public/p2202703811.jpg
孤独的美食家 除夕特别篇～ 最后一食！濑户内出差篇,9.1,日本,剧情,https://movie.douban.com/subject/27203607/,https://img1.doubanio.com/view/photo/s_ratio_poster/public/p2513289247.jpg
夏目友人帐 第五季 特别篇 游戏盛宴,9.1,日本,剧情,https://movie.douban.com/subject/27017278/,https://img3.doubanio.com/view/photo/s_ratio_poster/public/p2455096331.jpg
机动战士高达：逆袭的夏亚,9.0,日本,剧情,https://movie.douban.com/subject/1401536/,https://img3.doubanio.com/view/photo/s_ratio_poster/public/p546980785.jpg
空之境界 未来福音 extra chorus,9.0,日本,剧情,https://movie.douban.com/subject/24861238/,https://img3.doubanio.com/view/photo/s_ratio_poster/public/p2215965143.jpg
机动战士高达 THE ORIGIN IV 命运前夜,9.0,日本,剧情,https://movie.douban.com/subject/26359260/,https://img3.doubanio.com/view/photo/s_ratio_poster/public/p2409626594.jpg
少女与战车 剧场版,9.0,日本,剧情,https://movie.douban.com/subject/24460604/,https://img1.doubanio.com/view/photo/s_ratio_poster/public/p2290872319.jpg
召唤恶魔阿萨谢尔OAD：路西法篇,9.0,日本,剧情,https://movie.douban.com/subject/10767534/,https://img3.doubanio.com/view/photo/s_ratio_poster/public/p2509350226.jpg
2112年 哆啦A梦诞生,9.0,日本,剧情,https://movie.douban.com/subject/3558793/,https://img1.doubanio.com/view/photo/s_ratio_poster/public/p2507589858.jpg
木更津猫眼 世界系列,9.0,日本,剧情,https://movie.douban.com/subject/1793394/,https://img3.doubanio.com/view/photo/s_ratio_poster/public/p764157116.jpg
新世纪福音战士 第0:0话 诞生之始,9.0,日本,剧情,https://movie.douban.com/subject/26306741/,https://img3.doubanio.com/view/photo/s_ratio_poster/public/p2222846543.jpg
水星领航员 OVA,9.0,日本,剧情,https://movie.douban.com/subject/2258612/,https://img3.doubanio.com/view/photo/s_ratio_poster/public/p2296508626.jpg
一碗阳春面,9.0,日本,剧情,https://movie.douban.com/subject/2062564/,https://img3.doubanio.com/view/photo/s_ratio_poster/public/p2182803213.jpg
1987：黎明到来的那一天,9.5,韩国,剧情,https://movie.douban.com/subject/26933690/,https://img3.doubanio.com/view/photo/s_ratio_poster/public/p2504540131.jpg
辩护人,9.1,韩国,剧情,https://movie.douban.com/subject/21937445/,https://img3.doubanio.com/view/photo/s_ratio_poster/public/p2158166535.jpg
素媛,9.1,韩国,剧情,https://movie.douban.com/subject/21937452/,https://img3.doubanio.com/view/photo/s_ratio_poster/public/p2118532944.jpg
我爱你,9.0,韩国,剧情,https://movie.douban.com/subject/5908478/,https://img1.doubanio.com/view/photo/s_ratio_poster/public/p1075591188.jpg
爱・回家,9.0,韩国,剧情,https://movie.douban.com/subject/1299361/,https://img3.doubanio.com/view/photo/s_ratio_poster/public/p2107418134.jpg
剧院魅影：25周年纪念演出,9.7,英国,剧情,https://movie.douban.com/subject/24751811/,https://img3.doubanio.com/view/photo/s_ratio_poster/public/p2006533765.jpg
文艺趣向,9.6,英国,剧情,https://movie.douban.com/subject/26637592/,https://img3.doubanio.com/view/photo/s_ratio_poster/public/p2325812941.jpg
天使在美国第二部：重建,9.5,英国,剧情,https://movie.douban.com/subject/27045950/,https://img3.doubanio.com/view/photo/s_ratio_poster/public/p2474462430.jpg
绿洲MTV不插电演唱会,9.5,英国,剧情,https://movie.douban.com/subject/3827301/,https://img3.doubanio.com/view/subject/l/public/s4099993.jpg
时空冒险,9.5,英国,剧情,https://movie.douban.com/subject/24298647/,https://img3.doubanio.com/view/photo/s_ratio_poster/public/p2173858926.jpg
控方证人,9.4,英国,剧情,https://movie.douban.com/subject/5294851/,https://img3.doubanio.com/view/photo/s_ratio_poster/public/p2367853261.jpg
唐顿庄园：2015圣诞特别篇,9.4,英国,剧情,https://movie.douban.com/subject/26320001/,https://img3.doubanio.com/view/photo/s_ratio_poster/public/p2292519115.jpg
天使在美国第一部：千禧年降临,9.4,英国,剧情,https://movie.douban.com/subject/27021257/,https://img3.doubanio.com/view/photo/s_ratio_poster/public/p2455727120.jpg
神秘博士特别篇：时间尽头(下),9.3,英国,剧情,https://movie.douban.com/subject/4215755/,https://img1.doubanio.com/view/photo/s_ratio_poster/public/p2151699747.jpg
跳出我天地音乐剧,9.4,英国,剧情,https://movie.douban.com/subject/26264388/,https://img3.doubanio.com/view/photo/s_ratio_poster/public/p2215874393.jpg
弗兰肯斯坦,9.4,英国,剧情,https://movie.douban.com/subject/10508921/,https://img3.doubanio.com/view/photo/s_ratio_poster/public/p2252273146.jpg
Christina Aguilera: Back to Basics - Live and Down Under,9.4,英国,剧情,https://movie.douban.com/subject/3060405/,https://img3.doubanio.com/view/photo/s_ratio_poster/public/p2498697744.jpg
盗梦空间,9.3,英国,剧情,https://movie.douban.com/subject/3541415/,https://img3.doubanio.com/view/photo/s_ratio_poster/public/p513344864.jpg
当哈利离别霍格沃茨,9.3,英国,剧情,https://movie.douban.com/subject/7053733/,https://img3.doubanio.com/view/photo/s_ratio_poster/public/p2155293242.jpg
幕后危机(特别版),9.3,英国,剧情,https://movie.douban.com/subject/10573682/,https://img1.doubanio.com/view/photo/s_ratio_poster/public/p2212335757.jpg
绿翼：圣诞特别篇,9.3,英国,剧情,https://movie.douban.com/subject/10535616/,https://img1.doubanio.com/view/photo/s_ratio_poster/public/p2173751587.jpg
星际穿越,9.2,英国,剧情,https://movie.douban.com/subject/1889243/,https://img3.doubanio.com/view/photo/s_ratio_poster/public/p2206088801.jpg
忠犬八公的故事,9.2,英国,剧情,https://movie.douban.com/subject/3011091/,https://img3.doubanio.com/view/photo/s_ratio_poster/public/p524964016.jpg
父与女,9.2,英国,剧情,https://movie.douban.com/subject/1300395/,https://img1.doubanio.com/view/photo/s_ratio_poster/public/p2318217897.jpg
唐顿庄园：2011圣诞特别篇,9.2,英国,剧情,https://movie.douban.com/subject/6870362/,https://img1.doubanio.com/view/photo/s_ratio_poster/public/p1711501188.jpg
神秘博士：时间冲撞,9.2,英国,剧情,https://movie.douban.com/subject/4188543/,https://img3.doubanio.com/view/photo/s_ratio_poster/public/p523688466.jpg
呼叫助产士：2012圣诞特别篇,9.2,英国,剧情,https://movie.douban.com/subject/20494747/,https://img3.doubanio.com/view/photo/s_ratio_poster/public/p2174965075.jpg
斑点带子案,9.2,英国,剧情,https://movie.douban.com/subject/3231171/,https://img3.doubanio.com/view/photo/s_ratio_poster/public/p1779190432.jpg
临时演员圣诞特辑,9.2,英国,剧情,https://movie.douban.com/subject/2377036/,https://img3.doubanio.com/view/subject/l/public/s3914200.jpg
怒海英雄：回报,9.2,英国,剧情,https://movie.douban.com/subject/1889703/,https://img3.doubanio.com/view/photo/s_ratio_poster/public/p2278610124.jpg
两杆大烟枪,9.1,英国,剧情,https://movie.douban.com/subject/1293350/,https://img1.doubanio.com/view/photo/s_ratio_poster/public/p792443418.jpg
黑镜：圣诞特别篇,9.1,英国,剧情,https://movie.douban.com/subject/25964630/,https://img3.doubanio.com/view/photo/s_ratio_poster/public/p2233676442.jpg
谁害怕弗吉尼亚・伍尔芙？,9.1,英国,剧情,https://movie.douban.com/subject/27018258/,https://img1.doubanio.com/view/photo/s_ratio_poster/public/p2455199319.jpg
呼叫助产士：2013圣诞特别篇,9.2,英国,剧情,https://movie.douban.com/subject/25702328/,https://img1.doubanio.com/view/photo/s_ratio_poster/public/p2174965118.jpg
福尔摩斯：跳舞的人,9.1,英国,剧情,https://movie.douban.com/subject/3230514/,https://img3.doubanio.com/view/photo/s_ratio_poster/public/p2511441892.jpg
第二块血迹,9.1,英国,剧情,https://movie.douban.com/subject/3607018/,https://img3.doubanio.com/view/photo/s_ratio_poster/public/p2511443522.jpg
怒海英雄：叛乱,9.1,英国,剧情,https://movie.douban.com/subject/1889700/,https://img1.doubanio.com/view/subject/l/public/s1832238.jpg
银色马,9.1,英国,剧情,https://movie.douban.com/subject/3607042/,https://img1.doubanio.com/view/photo/s_ratio_poster/public/p2511443948.jpg
弗朗西丝・卡法克斯女士的失踪,9.1,英国,剧情,https://movie.douban.com/subject/3610756/,https://img3.doubanio.com/view/photo/s_ratio_poster/public/p2509534726.jpg
炼狱,9.1,英国,剧情,https://movie.douban.com/subject/26288174/,https://img3.doubanio.com/view/photo/s_ratio_poster/public/p2403960244.jpg
水獭塔卡,9.1,英国,剧情,https://movie.douban.com/subject/2016065/,https://img3.doubanio.com/view/photo/s_ratio_poster/public/p2190708371.jpg
莫扎特 歌剧《唐・乔万尼》（唐璜）,9.1,英国,剧情,https://movie.douban.com/subject/1877242/,https://img3.doubanio.com/view/subject/l/public/s1812251.jpg
贝尔斯通之狐,9.1,英国,剧情,https://movie.douban.com/subject/1840488/,https://img1.doubanio.com/view/photo/s_ratio_poster/public/p2496732019.jpg
神秘博士圣诞时刻,9.1,英国,剧情,https://movie.douban.com/subject/21354158/,https://img3.doubanio.com/view/subject/l/public/s24976003.jpg
歌厅,9.1,英国,剧情,https://movie.douban.com/subject/4047130/,https://img3.doubanio.com/view/subject/l/public/s8807056.jpg
歌唱神探,9.1,英国,剧情,https://movie.douban.com/subject/1499667/,https://img3.doubanio.com/view/subject/l/public/s4178164.jpg
少年派的奇幻漂流,9.0,英国,剧情,https://movie.douban.com/subject/1929463/,https://img3.doubanio.com/view/photo/s_ratio_poster/public/p1784592701.jpg
蝙蝠侠：黑暗骑士,9.1,英国,剧情,https://movie.douban.com/subject/1851857/,https://img3.doubanio.com/view/photo/s_ratio_poster/public/p462657443.jpg
钢琴家,9.0,英国,剧情,https://movie.douban.com/subject/1296736/,https://img3.doubanio.com/view/photo/s_ratio_poster/public/p792484461.jpg
神探夏洛克：福至如归,9.0,英国,剧情,https://movie.douban.com/subject/25798411/,https://img3.doubanio.com/view/photo/s_ratio_poster/public/p2412522760.jpg
远在天边,9.0,英国,剧情,https://movie.douban.com/subject/3358309/,https://img3.doubanio.com/view/photo/s_ratio_poster/public/p2249033592.jpg
流浪者之歌,9.0,英国,剧情,https://movie.douban.com/subject/1303525/,https://img3.doubanio.com/view/photo/s_ratio_poster/public/p2267333084.jpg
四签名,9.0,英国,剧情,https://movie.douban.com/subject/3130431/,https://img1.doubanio.com/view/photo/s_ratio_poster/public/p2511444258.jpg
深夜小狗离奇事件,9.0,英国,剧情,https://movie.douban.com/subject/25698399/,https://img1.doubanio.com/view/photo/s_ratio_poster/public/p2091465967.jpg
乔治・奥威尔：影像人生,8.9,英国,剧情,https://movie.douban.com/subject/3122752/,https://img1.doubanio.com/view/photo/s_ratio_poster/public/p2495851367.jpg
呼叫助产士：2014圣诞特别篇,9.0,英国,剧情,https://movie.douban.com/subject/25986298/,https://img1.doubanio.com/view/photo/s_ratio_poster/public/p2259011769.jpg
怒海英雄：忠诚,9.0,英国,剧情,https://movie.douban.com/subject/1889706/,https://img3.doubanio.com/view/photo/s_ratio_poster/public/p2325137626.jpg
怒海英雄：公爵夫人与恶魔,9.0,英国,剧情,https://movie.douban.com/subject/1889695/,https://img3.doubanio.com/view/photo/s_ratio_poster/public/p2278607774.jpg
怒海英雄：火攻船,9.0,英国,剧情,https://movie.douban.com/subject/1889694/,https://img3.doubanio.com/view/photo/s_ratio_poster/public/p2278610371.jpg
简爱,9.0,英国,剧情,https://movie.douban.com/subject/26737926/,https://img3.doubanio.com/view/photo/s_ratio_poster/public/p2322796823.jpg
影子大地,9.0,英国,剧情,https://movie.douban.com/subject/1299515/,https://img3.doubanio.com/view/photo/s_ratio_poster/public/p2427877973.jpg
幻术大师：黑金丝雀,8.9,英国,剧情,https://movie.douban.com/subject/10462984/,https://img3.doubanio.com/view/photo/s_ratio_poster/public/p2183068185.jpg
这个杀手不太冷,9.4,法国,剧情,https://movie.douban.com/subject/1295644/,https://img3.doubanio.com/view/photo/s_ratio_poster/public/p511118051.jpg
罗密欧与朱丽叶,9.3,法国,剧情,https://movie.douban.com/subject/25928148/,https://img3.doubanio.com/view/photo/s_ratio_poster/public/p2224933614.jpg
巴黎圣母院,9.3,法国,剧情,https://movie.douban.com/subject/20326557/,https://img3.doubanio.com/view/photo/s_ratio_poster/public/p2329626263.jpg
放牛班的春天,9.2,法国,剧情,https://movie.douban.com/subject/1291549/,https://img3.doubanio.com/view/photo/s_ratio_poster/public/p1910824951.jpg
调音师,9.2,法国,剧情,https://movie.douban.com/subject/6846495/,https://img1.doubanio.com/view/photo/s_ratio_poster/public/p1529066859.jpg
洞,9.2,法国,剧情,https://movie.douban.com/subject/1424334/,https://img1.doubanio.com/view/photo/s_ratio_poster/public/p2497389079.jpg
触不可及,9.1,法国,剧情,https://movie.douban.com/subject/6786002/,https://img3.doubanio.com/view/photo/s_ratio_poster/public/p1454261925.jpg
天堂电影院,9.1,法国,剧情,https://movie.douban.com/subject/1291828/,https://img3.doubanio.com/view/photo/s_ratio_poster/public/p1910901025.jpg
地下,9.1,法国,剧情,https://movie.douban.com/subject/1292206/,https://img3.doubanio.com/view/photo/s_ratio_poster/public/p1833776334.jpg
熊的故事,9.1,法国,剧情,https://movie.douban.com/subject/1300334/,https://img3.doubanio.com/view/photo/s_ratio_poster/public/p2454268056.jpg
钢琴家,9.0,法国,剧情,https://movie.douban.com/subject/1296736/,https://img3.doubanio.com/view/photo/s_ratio_poster/public/p792484461.jpg
沉静如海,9.0,法国,剧情,https://movie.douban.com/subject/1769507/,https://img3.doubanio.com/view/photo/s_ratio_poster/public/p2365157916.jpg
精神分裂症,9.0,法国,剧情,https://movie.douban.com/subject/3262918/,https://img3.doubanio.com/view/photo/s_ratio_poster/public/p857148064.jpg
卡比利亚之夜,9.0,法国,剧情,https://movie.douban.com/subject/1294781/,https://img3.doubanio.com/view/photo/s_ratio_poster/public/p922159253.jpg
罗马11时,9.0,法国,剧情,https://movie.douban.com/subject/1466243/,https://img3.doubanio.com/view/photo/s_ratio_poster/public/p2230837721.jpg
阿德尔曼夫妇,8.9,法国,剧情,https://movie.douban.com/subject/26951692/,https://img3.doubanio.com/view/photo/s_ratio_poster/public/p2417978591.jpg
爱尔丝小姐,9.0,法国,剧情,https://movie.douban.com/subject/2084602/,https://img1.doubanio.com/view/photo/s_ratio_poster/public/p2153966838.jpg
宝琳和宝莱特,9.0,法国,剧情,https://movie.douban.com/subject/1756409/,https://img3.doubanio.com/view/subject/l/public/s1627894.jpg
Christina Aguilera: Back to Basics - Live and Down Under,9.4,德国,剧情,https://movie.douban.com/subject/3060405/,https://img3.doubanio.com/view/photo/s_ratio_poster/public/p2498697744.jpg
冰上卡门,9.1,德国,剧情,https://movie.douban.com/subject/1998081/,https://img3.doubanio.com/view/subject/l/public/s4044014.jpg
放牛班的春天,9.2,德国,剧情,https://movie.douban.com/subject/1291549/,https://img3.doubanio.com/view/photo/s_ratio_poster/public/p1910824951.jpg
祖母的照相馆,9.2,德国,剧情,https://movie.douban.com/subject/11587751/,https://img3.doubanio.com/view/photo/s_ratio_poster/public/p1659366674.jpg
窃听风暴,9.1,德国,剧情,https://movie.douban.com/subject/1900841/,https://img1.doubanio.com/view/photo/s_ratio_poster/public/p1808872109.jpg
地下,9.1,德国,剧情,https://movie.douban.com/subject/1292206/,https://img3.doubanio.com/view/photo/s_ratio_poster/public/p1833776334.jpg
金秋：与时间赛跑,9.1,德国,剧情,https://movie.douban.com/subject/5152067/,https://img3.doubanio.com/view/subject/l/public/s7020675.jpg
钢琴家,9.0,德国,剧情,https://movie.douban.com/subject/1296736/,https://img3.doubanio.com/view/photo/s_ratio_poster/public/p792484461.jpg
海蒂和爷爷,9.0,德国,剧情,https://movie.douban.com/subject/25958717/,https://img3.doubanio.com/view/photo/s_ratio_poster/public/p2332944143.jpg
爱尔丝小姐,9.0,德国,剧情,https://movie.douban.com/subject/2084602/,https://img1.doubanio.com/view/photo/s_ratio_poster/public/p2153966838.jpg
美丽人生,9.5,意大利,剧情,https://movie.douban.com/subject/1292063/,https://img3.doubanio.com/view/photo/s_ratio_poster/public/p510861873.jpg
灿烂人生,9.3,意大利,剧情,https://movie.douban.com/subject/1291831/,https://img3.doubanio.com/view/photo/s_ratio_poster/public/p1161132422.jpg
海上钢琴师,9.2,意大利,剧情,https://movie.douban.com/subject/1292001/,https://img1.doubanio.com/view/photo/s_ratio_poster/public/p511146807.jpg
洞,9.2,意大利,剧情,https://movie.douban.com/subject/1424334/,https://img1.doubanio.com/view/photo/s_ratio_poster/public/p2497389079.jpg
天堂电影院,9.1,意大利,剧情,https://movie.douban.com/subject/1291828/,https://img3.doubanio.com/view/photo/s_ratio_poster/public/p1910901025.jpg
美国往事,9.1,意大利,剧情,https://movie.douban.com/subject/1292262/,https://img1.doubanio.com/view/photo/s_ratio_poster/public/p477229647.jpg
卡比利亚之夜,9.0,意大利,剧情,https://movie.douban.com/subject/1294781/,https://img3.doubanio.com/view/photo/s_ratio_poster/public/p922159253.jpg
罗马11时,9.0,意大利,剧情,https://movie.douban.com/subject/1466243/,https://img3.doubanio.com/view/photo/s_ratio_poster/public/p2230837721.jpg
流浪者之歌,9.0,意大利,剧情,https://movie.douban.com/subject/1303525/,https://img3.doubanio.com/view/photo/s_ratio_poster/public/p2267333084.jpg
海蒂,9.0,意大利,剧情,https://movie.douban.com/subject/1925081/,https://img3.doubanio.com/view/photo/s_ratio_poster/public/p2270779943.jpg
铁路员工,9.0,意大利,剧情,https://movie.douban.com/subject/1306166/,https://img3.doubanio.com/view/photo/s_ratio_poster/public/p2417257193.jpg
塔可夫斯基的潜行者,9.5,西班牙,剧情,https://movie.douban.com/subject/4100973/,https://img3.doubanio.com/view/photo/s_ratio_poster/public/p2153601890.jpg
三傻大闹宝莱坞,9.2,印度,剧情,https://movie.douban.com/subject/3793023/,https://img3.doubanio.com/view/photo/s_ratio_poster/public/p579729551.jpg
摔跤吧！爸爸,9.1,印度,剧情,https://movie.douban.com/subject/26387939/,https://img3.doubanio.com/view/photo/s_ratio_poster/public/p2457983084.jpg
小鞋子,9.2,伊朗,剧情,https://movie.douban.com/subject/1303021/,https://img3.doubanio.com/view/photo/s_ratio_poster/public/p2173580603.jpg
星际穿越,9.2,加拿大,剧情,https://movie.douban.com/subject/1889243/,https://img3.doubanio.com/view/photo/s_ratio_poster/public/p2206088801.jpg
清秀佳人第二部,9.2,加拿大,剧情,https://movie.douban.com/subject/5047697/,https://img3.doubanio.com/view/photo/s_ratio_poster/public/p1968503455.jpg
车轮不息,9.1,加拿大,剧情,https://movie.douban.com/subject/19955871/,https://img3.doubanio.com/view/photo/s_ratio_poster/public/p1820625966.jpg
小丘月圆,9.1,加拿大,剧情,https://movie.douban.com/subject/1302752/,https://img3.doubanio.com/view/photo/s_ratio_poster/public/p2334104591.jpg
少年派的奇幻漂流,9.0,加拿大,剧情,https://movie.douban.com/subject/1929463/,https://img3.doubanio.com/view/photo/s_ratio_poster/public/p1784592701.jpg
大海的孩子,9.0,加拿大,剧情,https://movie.douban.com/subject/3274441/,https://img3.doubanio.com/view/photo/s_ratio_poster/public/p2206274006.jpg
土豆工厂,9.2,澳大利亚,剧情,https://movie.douban.com/subject/1793083/,https://img3.doubanio.com/view/photo/s_ratio_poster/public/p2233036824.jpg
负重前行,9.0,澳大利亚,剧情,https://movie.douban.com/subject/26793157/,https://img1.doubanio.com/view/photo/s_ratio_poster/public/p2495304867.jpg
奥菲欧与尤丽狄茜,9.1,澳大利亚,剧情,https://movie.douban.com/subject/2999288/,https://img3.doubanio.com/view/photo/s_ratio_poster/public/p2186607455.jpg
爱玛和丹尼尔的夏天,9.2,瑞典,剧情,https://movie.douban.com/subject/2258917/,https://img1.doubanio.com/view/subject/l/public/s2704847.jpg
狩猎,9.0,瑞典,剧情,https://movie.douban.com/subject/6985810/,https://img1.doubanio.com/view/photo/s_ratio_poster/public/p1546987967.jpg
婚姻生活,9.0,瑞典,剧情,https://movie.douban.com/subject/1292981/,https://img1.doubanio.com/view/photo/s_ratio_poster/public/p2037298187.jpg
垃圾场中仙乐扬,8.9,巴西,剧情,https://movie.douban.com/subject/20443027/,https://img3.doubanio.com/view/photo/s_ratio_poster/public/p2282366003.jpg
狩猎,9.0,丹麦,剧情,https://movie.douban.com/subject/6985810/,https://img1.doubanio.com/view/photo/s_ratio_poster/public/p1546987967.jpg
霸王别姬,9.5,中国大陆,爱情,https://movie.douban.com/subject/1291546/,https://img3.doubanio.com/view/photo/s_ratio_poster/public/p1910813120.jpg
末了，未了,9.3,中国大陆,爱情,https://movie.douban.com/subject/20452352/,https://img3.doubanio.com/view/photo/s_ratio_poster/public/p1814487251.jpg
大话西游之大圣娶亲,9.2,中国大陆,爱情,https://movie.douban.com/subject/1292213/,https://img3.doubanio.com/view/photo/s_ratio_poster/public/p2455050536.jpg
狐妖小红娘剧场版：王权富贵,9.2,中国大陆,爱情,https://movie.douban.com/subject/26946612/,https://img3.doubanio.com/view/photo/s_ratio_poster/public/p2409467410.jpg
狐妖小红娘剧场版：月红篇,9.2,中国大陆,爱情,https://movie.douban.com/subject/26972694/,https://img3.doubanio.com/view/photo/s_ratio_poster/public/p2427045524.jpg
哀乐中年,9.2,中国大陆,爱情,https://movie.douban.com/subject/4719384/,https://img3.doubanio.com/view/photo/s_ratio_poster/public/p2029574250.jpg
红楼梦,9.1,中国大陆,爱情,https://movie.douban.com/subject/1329969/,https://img3.doubanio.com/view/photo/s_ratio_poster/public/p2322451692.jpg
金花路5号,9.0,中国大陆,爱情,https://movie.douban.com/subject/2282452/,https://img3.doubanio.com/view/photo/s_ratio_poster/public/p1961367162.jpg
芙蓉镇,9.0,中国大陆,爱情,https://movie.douban.com/subject/1297880/,https://img3.doubanio.com/view/photo/s_ratio_poster/public/p2184544013.jpg
迈克尔・杰克逊：音乐历史专辑全集,9.6,美国,爱情,https://movie.douban.com/subject/2122919/,https://img3.doubanio.com/view/subject/l/public/s2541232.jpg
迈克尔・杰克逊：专辑历史记录第二辑,9.6,美国,爱情,https://movie.douban.com/subject/1857382/,https://img1.doubanio.com/view/subject/l/public/s4145497.jpg
阿甘正传,9.4,美国,爱情,https://movie.douban.com/subject/1292720/,https://img1.doubanio.com/view/photo/s_ratio_poster/public/p510876377.jpg
泰坦尼克号,9.3,美国,爱情,https://movie.douban.com/subject/1292722/,https://img3.doubanio.com/view/photo/s_ratio_poster/public/p457760035.jpg
机器人总动员,9.3,美国,爱情,https://movie.douban.com/subject/2131459/,https://img3.doubanio.com/view/photo/s_ratio_poster/public/p1461851991.jpg
乱世佳人,9.2,美国,爱情,https://movie.douban.com/subject/1300267/,https://img3.doubanio.com/view/photo/s_ratio_poster/public/p1963126880.jpg
摩登时代,9.2,美国,爱情,https://movie.douban.com/subject/1294371/,https://img3.doubanio.com/view/photo/s_ratio_poster/public/p2173707976.jpg
城市之光,9.2,美国,爱情,https://movie.douban.com/subject/1293908/,https://img3.doubanio.com/view/photo/s_ratio_poster/public/p2099815842.jpg
生活多美好,9.2,美国,爱情,https://movie.douban.com/subject/1293749/,https://img1.doubanio.com/view/photo/s_ratio_poster/public/p771490367.jpg
博士的女伴,9.2,美国,爱情,https://movie.douban.com/subject/11625156/,https://img3.doubanio.com/view/photo/s_ratio_poster/public/p1876814414.jpg
马戏团,9.1,美国,爱情,https://movie.douban.com/subject/1299628/,https://img3.doubanio.com/view/photo/s_ratio_poster/public/p2248445275.jpg
艾蒂与茜雅：漫长婚约,9.1,美国,爱情,https://movie.douban.com/subject/4152738/,https://img3.doubanio.com/view/photo/s_ratio_poster/public/p1509382174.jpg
淘金记,9.0,美国,爱情,https://movie.douban.com/subject/1298817/,https://img3.doubanio.com/view/photo/s_ratio_poster/public/p1581774481.jpg
稻草人,9.0,美国,爱情,https://movie.douban.com/subject/1867778/,https://img1.doubanio.com/view/photo/s_ratio_poster/public/p2503556327.jpg
瓦特利亚传奇,9.0,美国,爱情,https://movie.douban.com/subject/10604868/,https://img3.doubanio.com/view/subject/l/public/s9062691.jpg
霸王别姬,9.5,香港,爱情,https://movie.douban.com/subject/1291546/,https://img3.doubanio.com/view/photo/s_ratio_poster/public/p1910813120.jpg
蝶影红梨记,9.4,香港,爱情,https://movie.douban.com/subject/4047730/,https://img3.doubanio.com/view/photo/s_ratio_poster/public/p2517260323.jpg
紫钗记,9.3,香港,爱情,https://movie.douban.com/subject/1401219/,https://img1.doubanio.com/view/photo/s_ratio_poster/public/p2274298717.jpg
大话西游之大圣娶亲,9.2,香港,爱情,https://movie.douban.com/subject/1292213/,https://img3.doubanio.com/view/photo/s_ratio_poster/public/p2455050536.jpg
南海十三郎,9.1,香港,爱情,https://movie.douban.com/subject/1303913/,https://img1.doubanio.com/view/photo/s_ratio_poster/public/p2328424489.jpg
KinKi Kids 你不在身边的夏天 songs,9.8,日本,爱情,https://movie.douban.com/subject/27605662/,https://img3.doubanio.com/view/photo/s_ratio_poster/public/p2507748550.jpg
Me and My Girl,9.6,日本,爱情,https://movie.douban.com/subject/11577118/,https://img3.doubanio.com/view/photo/s_ratio_poster/public/p2510934952.jpg
KinKi Kids ～硝子の少年_の「今」～,9.6,日本,爱情,https://movie.douban.com/subject/26920950/,https://img1.doubanio.com/view/photo/s_ratio_poster/public/p2399937958.jpg
h,9.4,日本,爱情,https://movie.douban.com/subject/26555978/,https://img3.doubanio.com/view/photo/s_ratio_poster/public/p2256610543.jpg
奥丁领域,9.2,日本,爱情,https://movie.douban.com/subject/5450837/,https://img3.doubanio.com/view/photo/s_ratio_poster/public/p784512610.jpg
最完美的离婚 2014特别篇,9.1,日本,爱情,https://movie.douban.com/subject/25790749/,https://img1.doubanio.com/view/photo/s_ratio_poster/public/p2186872257.jpg
元气少女缘结神OVA：神明 幸福美满,9.1,日本,爱情,https://movie.douban.com/subject/26899000/,https://img3.doubanio.com/view/photo/s_ratio_poster/public/p2391890320.jpg
情迷意乱,9.1,日本,爱情,https://movie.douban.com/subject/1422091/,https://img3.doubanio.com/view/photo/s_ratio_poster/public/p1449763371.jpg
倒数第二次恋爱 2012秋SP,9.1,日本,爱情,https://movie.douban.com/subject/19955789/,https://img3.doubanio.com/view/photo/s_ratio_poster/public/p1998695160.jpg
高智能方程式赛车 TV总集篇,9.0,日本,爱情,https://movie.douban.com/subject/4906417/,https://img3.doubanio.com/view/subject/l/public/s4412555.jpg
我爱你,9.0,韩国,爱情,https://movie.douban.com/subject/5908478/,https://img1.doubanio.com/view/photo/s_ratio_poster/public/p1075591188.jpg
snorks,9.2,英国,爱情,https://movie.douban.com/subject/1863428/,https://img3.doubanio.com/view/subject/l/public/s1796635.jpg
无事生非 (2011年伦敦Wyndham剧院版),9.3,英国,爱情,https://movie.douban.com/subject/26763132/,https://img1.doubanio.com/view/photo/s_ratio_poster/public/p2328040727.jpg
博士的女伴,9.2,英国,爱情,https://movie.douban.com/subject/11625156/,https://img3.doubanio.com/view/photo/s_ratio_poster/public/p1876814414.jpg
柴可夫斯基芭蕾舞剧：胡桃夹子,8.9,英国,爱情,https://movie.douban.com/subject/3541997/,https://img3.doubanio.com/view/photo/s_ratio_poster/public/p2327920276.jpg
爱的奇迹,9.0,英国,爱情,https://movie.douban.com/subject/2119286/,https://img3.doubanio.com/view/photo/s_ratio_poster/public/p533191776.jpg
影子大地,9.0,英国,爱情,https://movie.douban.com/subject/1299515/,https://img3.doubanio.com/view/photo/s_ratio_poster/public/p2427877973.jpg
罗密欧与朱丽叶,9.3,法国,爱情,https://movie.douban.com/subject/25928148/,https://img3.doubanio.com/view/photo/s_ratio_poster/public/p2224933614.jpg
巴黎圣母院,9.3,法国,爱情,https://movie.douban.com/subject/20326557/,https://img3.doubanio.com/view/photo/s_ratio_poster/public/p2329626263.jpg
天堂电影院,9.1,法国,爱情,https://movie.douban.com/subject/1291828/,https://img3.doubanio.com/view/photo/s_ratio_poster/public/p1910901025.jpg
沉静如海,9.0,法国,爱情,https://movie.douban.com/subject/1769507/,https://img3.doubanio.com/view/photo/s_ratio_poster/public/p2365157916.jpg
卡比利亚之夜,9.0,法国,爱情,https://movie.douban.com/subject/1294781/,https://img3.doubanio.com/view/photo/s_ratio_poster/public/p922159253.jpg
柴可夫斯基芭蕾舞剧：胡桃夹子,8.9,法国,爱情,https://movie.douban.com/subject/3541997/,https://img3.doubanio.com/view/photo/s_ratio_poster/public/p2327920276.jpg
爱的奇迹,9.0,德国,爱情,https://movie.douban.com/subject/2119286/,https://img3.doubanio.com/view/photo/s_ratio_poster/public/p533191776.jpg
美丽人生,9.5,意大利,爱情,https://movie.douban.com/subject/1292063/,https://img3.doubanio.com/view/photo/s_ratio_poster/public/p510861873.jpg
灿烂人生,9.3,意大利,爱情,https://movie.douban.com/subject/1291831/,https://img3.doubanio.com/view/photo/s_ratio_poster/public/p1161132422.jpg
天堂电影院,9.1,意大利,爱情,https://movie.douban.com/subject/1291828/,https://img3.doubanio.com/view/photo/s_ratio_poster/public/p1910901025.jpg
卡比利亚之夜,9.0,意大利,爱情,https://movie.douban.com/subject/1294781/,https://img3.doubanio.com/view/photo/s_ratio_poster/public/p922159253.jpg
三傻大闹宝莱坞,9.2,印度,爱情,https://movie.douban.com/subject/3793023/,https://img3.doubanio.com/view/photo/s_ratio_poster/public/p579729551.jpg
柴可夫斯基芭蕾舞剧：胡桃夹子,8.9,俄罗斯,爱情,https://movie.douban.com/subject/3541997/,https://img3.doubanio.com/view/photo/s_ratio_poster/public/p2327920276.jpg
娜斯佳和她的父亲们,9.0,俄罗斯,爱情,https://movie.douban.com/subject/4040438/,https://img3.doubanio.com/view/photo/s_ratio_poster/public/p2190397911.jpg
清秀佳人第二部,9.2,加拿大,爱情,https://movie.douban.com/subject/5047697/,https://img3.doubanio.com/view/photo/s_ratio_poster/public/p1968503455.jpg
婚姻生活,9.0,瑞典,爱情,https://movie.douban.com/subject/1292981/,https://img1.doubanio.com/view/photo/s_ratio_poster/public/p2037298187.jpg
心灵融合,9.5,美国,科幻,https://movie.douban.com/subject/5131881/,https://img1.doubanio.com/view/photo/s_ratio_poster/public/p2511552687.jpg
瑞克与莫蒂之精致死尸,9.4,美国,科幻,https://movie.douban.com/subject/27101676/,https://img1.doubanio.com/view/photo/s_ratio_poster/public/p2494617459.jpg
历史频道 - 宇宙系列：大爆炸开始,9.3,美国,科幻,https://movie.douban.com/subject/4714475/,https://img3.doubanio.com/view/subject/l/public/s4227350.jpg
盗梦空间,9.3,美国,科幻,https://movie.douban.com/subject/3541415/,https://img3.doubanio.com/view/photo/s_ratio_poster/public/p513344864.jpg
机器人总动员,9.3,美国,科幻,https://movie.douban.com/subject/2131459/,https://img3.doubanio.com/view/photo/s_ratio_poster/public/p1461851991.jpg
守望先锋：双龙,9.3,美国,科幻,https://movie.douban.com/subject/26860017/,https://img3.doubanio.com/view/photo/s_ratio_poster/public/p2417863546.jpg
萤火虫10周年纪念,9.3,美国,科幻,https://movie.douban.com/subject/24882604/,https://img3.doubanio.com/view/photo/s_ratio_poster/public/p2161889323.jpg
星际穿越,9.2,美国,科幻,https://movie.douban.com/subject/1889243/,https://img3.doubanio.com/view/photo/s_ratio_poster/public/p2206088801.jpg
守望先锋：最后的堡垒,9.2,美国,科幻,https://movie.douban.com/subject/26860014/,https://img3.doubanio.com/view/photo/s_ratio_poster/public/p2501625602.jpg
楚门的世界,9.1,美国,科幻,https://movie.douban.com/subject/1292064/,https://img3.doubanio.com/view/photo/s_ratio_poster/public/p479682972.jpg
机器的复兴：第2部,9.1,美国,科幻,https://movie.douban.com/subject/2049556/,https://img3.doubanio.com/view/photo/s_ratio_poster/public/p2189949652.jpg
机器的复兴：第1部,9.1,美国,科幻,https://movie.douban.com/subject/2049553/,https://img3.doubanio.com/view/photo/s_ratio_poster/public/p2189949483.jpg
蝙蝠侠：黑暗骑士,9.1,美国,科幻,https://movie.douban.com/subject/1851857/,https://img3.doubanio.com/view/photo/s_ratio_poster/public/p462657443.jpg
电焊工波力,9.0,美国,科幻,https://movie.douban.com/subject/3338821/,https://img3.doubanio.com/view/photo/s_ratio_poster/public/p1202712652.jpg
世界纪录,9.0,美国,科幻,https://movie.douban.com/subject/2049559/,https://img3.doubanio.com/view/photo/s_ratio_poster/public/p2189185870.jpg
如此美好的一天(短片),9.0,美国,科幻,https://movie.douban.com/subject/10598713/,https://img3.doubanio.com/view/photo/s_ratio_poster/public/p2395484381.jpg
最棒的怪物,9.0,美国,科幻,https://movie.douban.com/subject/20393812/,https://img1.doubanio.com/view/subject/l/public/s24428449.jpg
星际牛仔,9.6,日本,科幻,https://movie.douban.com/subject/26883616/,https://img3.doubanio.com/view/photo/s_ratio_poster/public/p2385967281.jpg
新世纪福音战士剧场版：Air/真心为你,9.4,日本,科幻,https://movie.douban.com/subject/1308892/,https://img3.doubanio.com/view/photo/s_ratio_poster/public/p453716993.jpg
新世纪福音战士剧场版：复兴,9.2,日本,科幻,https://movie.douban.com/subject/20458867/,https://img3.doubanio.com/view/photo/s_ratio_poster/public/p2227584460.jpg
福音战士新剧场版：破,9.2,日本,科幻,https://movie.douban.com/subject/2567646/,https://img3.doubanio.com/view/photo/s_ratio_poster/public/p1026522114.jpg
新世纪福音战士剧场版：死与新生,9.2,日本,科幻,https://movie.douban.com/subject/1455442/,https://img3.doubanio.com/view/photo/s_ratio_poster/public/p454134242.jpg
银河英雄传说：我的征途是星辰大海,9.2,日本,科幻,https://movie.douban.com/subject/3542206/,https://img3.doubanio.com/view/photo/s_ratio_poster/public/p486657453.jpg
福音战士新剧场版：序,9.1,日本,科幻,https://movie.douban.com/subject/1968790/,https://img3.doubanio.com/view/photo/s_ratio_poster/public/p453715063.jpg
命运石之门：横行跋扈的浪荡之徒,9.1,日本,科幻,https://movie.douban.com/subject/10521690/,https://img3.doubanio.com/view/photo/s_ratio_poster/public/p1432532161.jpg
银河英雄传说：新战争的序曲,9.1,日本,科幻,https://movie.douban.com/subject/3542229/,https://img3.doubanio.com/view/photo/s_ratio_poster/public/p2518590956.jpg
攻壳机动队2：无罪,9.0,日本,科幻,https://movie.douban.com/subject/1291566/,https://img1.doubanio.com/view/photo/s_ratio_poster/public/p453466108.jpg
凉宫春日的消失,9.0,日本,科幻,https://movie.douban.com/subject/4074292/,https://img3.doubanio.com/view/photo/s_ratio_poster/public/p2246432125.jpg
机动战士高达：逆袭的夏亚,9.0,日本,科幻,https://movie.douban.com/subject/1401536/,https://img3.doubanio.com/view/photo/s_ratio_poster/public/p546980785.jpg
赛文奥特曼 我是地球人,8.9,日本,科幻,https://movie.douban.com/subject/5041031/,https://img3.doubanio.com/view/subject/l/public/s4444833.jpg
2112年 哆啦A梦诞生,9.0,日本,科幻,https://movie.douban.com/subject/3558793/,https://img1.doubanio.com/view/photo/s_ratio_poster/public/p2507589858.jpg
高智能方程式赛车 TV总集篇,9.0,日本,科幻,https://movie.douban.com/subject/4906417/,https://img3.doubanio.com/view/subject/l/public/s4412555.jpg
新世纪福音战士 第0:0话 诞生之始,9.0,日本,科幻,https://movie.douban.com/subject/26306741/,https://img3.doubanio.com/view/photo/s_ratio_poster/public/p2222846543.jpg
宇宙快递,9.0,韩国,科幻,https://movie.douban.com/subject/25884822/,https://img3.doubanio.com/view/photo/s_ratio_poster/public/p2229847445.jpg
神秘博士特别篇：时间尽头(下),9.3,英国,科幻,https://movie.douban.com/subject/4215755/,https://img1.doubanio.com/view/photo/s_ratio_poster/public/p2151699747.jpg
神秘博士2005慈善特辑：帮助儿童,9.4,英国,科幻,https://movie.douban.com/subject/10577674/,https://img3.doubanio.com/view/photo/s_ratio_poster/public/p1826505672.jpg
盗梦空间,9.3,英国,科幻,https://movie.douban.com/subject/3541415/,https://img3.doubanio.com/view/photo/s_ratio_poster/public/p513344864.jpg
星际穿越,9.2,英国,科幻,https://movie.douban.com/subject/1889243/,https://img3.doubanio.com/view/photo/s_ratio_poster/public/p2206088801.jpg
神秘博士：时间冲撞,9.2,英国,科幻,https://movie.douban.com/subject/4188543/,https://img3.doubanio.com/view/photo/s_ratio_poster/public/p523688466.jpg
最棒的同伴,9.1,英国,科幻,https://movie.douban.com/subject/20399058/,https://img1.doubanio.com/view/subject/l/public/s24439949.jpg
黑镜：圣诞特别篇,9.1,英国,科幻,https://movie.douban.com/subject/25964630/,https://img3.doubanio.com/view/photo/s_ratio_poster/public/p2233676442.jpg
神秘博士圣诞时刻,9.1,英国,科幻,https://movie.douban.com/subject/21354158/,https://img3.doubanio.com/view/subject/l/public/s24976003.jpg
蝙蝠侠：黑暗骑士,9.1,英国,科幻,https://movie.douban.com/subject/1851857/,https://img3.doubanio.com/view/photo/s_ratio_poster/public/p462657443.jpg
神秘博士：火星之水,9.0,英国,科幻,https://movie.douban.com/subject/4144683/,https://img3.doubanio.com/view/photo/s_ratio_poster/public/p2151616662.jpg
最棒的怪物,9.0,英国,科幻,https://movie.douban.com/subject/20393812/,https://img1.doubanio.com/view/subject/l/public/s24428449.jpg
星际穿越,9.2,加拿大,科幻,https://movie.douban.com/subject/1889243/,https://img3.doubanio.com/view/photo/s_ratio_poster/public/p2206088801.jpg
